Status,Source Unit,Destination Unit,Source Clock Domain,Destination Clock Domain,Local Source Clock,Local Destination Clock,Pair Classification,Violation,Scheme,Id,Domain Crossing,Number of Pair Bits
Passed,u_FIFO_syn.rptr[3],u_FIFO_syn.r2w.genblk1[3].u_NDFF_syn.A1,clk1,clk2,clk1,clk2,Control,,u_FIFO_syn.rdata,1,{clk1 clk2},1
Passed,u_FIFO_syn.rptr[4],u_FIFO_syn.r2w.genblk1[4].u_NDFF_syn.A1,clk1,clk2,clk1,clk2,Control,,u_FIFO_syn.rdata,2,{clk1 clk2},1
Passed,u_FIFO_syn.rptr[5],u_FIFO_syn.r2w.genblk1[5].u_NDFF_syn.A1,clk1,clk2,clk1,clk2,Control,,u_FIFO_syn.rdata,3,{clk1 clk2},1
Passed,u_FIFO_syn.rptr[0],u_FIFO_syn.r2w.genblk1[0].u_NDFF_syn.A1,clk1,clk2,clk1,clk2,Control,,u_FIFO_syn.rdata,4,{clk1 clk2},1
Passed,u_FIFO_syn.wptr[3],u_FIFO_syn.w2r.genblk1[3].u_NDFF_syn.A1,clk2,clk1,clk2,clk1,Control,,u_FIFO_syn.rdata,5,{clk2 clk1},1
Passed,u_FIFO_syn.wptr[4],u_FIFO_syn.w2r.genblk1[4].u_NDFF_syn.A1,clk2,clk1,clk2,clk1,Control,,u_FIFO_syn.rdata,6,{clk2 clk1},1
Passed,u_FIFO_syn.wptr[6],u_FIFO_syn.w2r.genblk1[6].u_NDFF_syn.A1,clk2,clk1,clk2,clk1,Control,,u_FIFO_syn.rdata,7,{clk2 clk1},1
Passed,u_FIFO_syn.rptr[6],u_FIFO_syn.r2w.genblk1[6].u_NDFF_syn.A1,clk1,clk2,clk1,clk2,Control,,u_FIFO_syn.rdata,8,{clk1 clk2},1
Passed,u_FIFO_syn.wptr[2],u_FIFO_syn.w2r.genblk1[2].u_NDFF_syn.A1,clk2,clk1,clk2,clk1,Control,,u_FIFO_syn.rdata,9,{clk2 clk1},1
Passed,u_Handshake_syn.dtemp,u_Handshake_syn.dout,clk1,clk2,clk1,clk2,Data,,u_Handshake_syn.din,10,{clk1 clk2},30
Passed,u_FIFO_syn.wptr[5],u_FIFO_syn.w2r.genblk1[5].u_NDFF_syn.A1,clk2,clk1,clk2,clk1,Control,,u_FIFO_syn.rdata,11,{clk2 clk1},1
Passed,u_Handshake_syn.dack,u_Handshake_syn.D2S.A1,clk2,clk1,clk2,clk1,Control,,u_Handshake_syn.din,12,{clk2 clk1},1
Passed,clk2,u_FIFO_syn.rdata,clk2,clk1,clk2,clk1,Data,,u_FIFO_syn.rdata,13,{clk2 clk1},8
Passed,u_FIFO_syn.waddr[5:0],u_FIFO_syn.rdata,clk2,clk1,clk2,clk1,Data,,u_FIFO_syn.rdata,14,{clk2 clk1},48
Passed,u_Conv.matrix_out[0][0][0],u_FIFO_syn.rdata,clk2,clk1,clk2,clk1,Data,,u_FIFO_syn.rdata,15,{clk2 clk1},8
Passed,u_FIFO_syn.wptr[1],u_FIFO_syn.w2r.genblk1[1].u_NDFF_syn.A1,clk2,clk1,clk2,clk1,Control,,u_FIFO_syn.rdata,16,{clk2 clk1},1
Passed,u_FIFO_syn.wfull,u_FIFO_syn.rdata,clk2,clk1,clk2,clk1,Data,,u_FIFO_syn.rdata,17,{clk2 clk1},8
Passed,u_Conv.cnt_out,u_FIFO_syn.rdata,clk2,clk1,clk2,clk1,Data,,u_FIFO_syn.rdata,18,{clk2 clk1},64
Passed,u_FIFO_syn.wptr[0],u_FIFO_syn.w2r.genblk1[0].u_NDFF_syn.A1,clk2,clk1,clk2,clk1,Control,,u_FIFO_syn.rdata,19,{clk2 clk1},1
Passed,u_FIFO_syn.rptr[2],u_FIFO_syn.r2w.genblk1[2].u_NDFF_syn.A1,clk1,clk2,clk1,clk2,Control,,u_FIFO_syn.rdata,20,{clk1 clk2},1
Passed,u_Handshake_syn.sreq,u_Handshake_syn.S2D.A1,clk1,clk2,clk1,clk2,Control,,u_Handshake_syn.din,21,{clk1 clk2},1
Passed,u_Conv.cnt_in,u_FIFO_syn.rdata,clk2,clk1,clk2,clk1,Data,,u_FIFO_syn.rdata,22,{clk2 clk1},32
Passed,u_FIFO_syn.rptr[1],u_FIFO_syn.r2w.genblk1[1].u_NDFF_syn.A1,clk1,clk2,clk1,clk2,Control,,u_FIFO_syn.rdata,23,{clk1 clk2},1
